ammen|123|ameen@gmail.com
ameed|123|s12240071@stu.najah.edu
tom|pass|tom@example.com
bob|pass|bob@example.com
mike|pass|mike@example.com
sara|pass|sara@example.com
alice|pass|alice@example.com
john|pass123|john@example.com
mohammad|1111|mohammadmarei44@gmail.com
anna|mypassword|anna@example.com
aki|123|s12240071@stu.najah.edu
ali|222|ali1234@gmail.com
